id,region_id,prediction_time,probability,risk_level,confidence,model_version,created_at
1,4,2025-11-04T08:05:05.950409,0.2489,low,0.922,v1.0.0 - Grupo 7,2025-11-04T08:05:05.950425
2,2,2025-11-04T08:05:05.950459,0.1303,low,0.8015,v1.0.0 - Grupo 7,2025-11-04T08:05:05.950470
3,11,2025-11-04T08:05:05.950496,0.3864,medium,0.9279,v1.0.0 - Grupo 7,2025-11-04T08:05:05.950505
4,8,2025-11-04T08:05:05.950530,0.3704,medium,0.8787,v1.0.0 - Grupo 7,2025-11-04T08:05:05.950538
5,18,2025-11-04T08:05:05.950562,0.157,low,0.7517,v1.0.0 - Grupo 7,2025-11-04T08:05:05.950571
6,6,2025-11-04T08:05:05.950595,0.2674,low,0.9078,v1.0.0 - Grupo 7,2025-11-04T08:05:05.950603
7,5,2025-11-04T08:05:05.950626,0.5012,medium,0.8337,v1.0.0 - Grupo 7,2025-11-04T08:05:05.950634
8,4,2025-11-04T08:05:05.950656,0.3331,medium,0.7728,v1.0.0 - Grupo 7,2025-11-04T08:05:05.950664
9,4,2025-11-04T08:05:05.950686,0.1608,low,0.8626,v1.0.0 - Grupo 7,2025-11-04T08:05:05.950694
10,8,2025-11-04T08:05:05.950716,0.2025,low,0.9423,v1.0.0 - Grupo 7,2025-11-04T08:05:05.950725
11,12,2025-11-04T08:05:05.950748,0.4406,medium,0.8585,v1.0.0 - Grupo 7,2025-11-04T08:05:05.950756
12,19,2025-11-04T08:05:05.950778,0.2948,low,0.8285,v1.0.0 - Grupo 7,2025-11-04T08:05:05.950787
13,7,2025-11-04T08:05:05.950809,0.5198,medium,0.7864,v1.0.0 - Grupo 7,2025-11-04T08:05:05.950817
14,17,2025-11-04T08:05:05.950839,0.2514,low,0.9357,v1.0.0 - Grupo 7,2025-11-04T08:05:05.950847
15,13,2025-11-04T08:05:05.950869,0.4942,medium,0.7027,v1.0.0 - Grupo 7,2025-11-04T08:05:05.950877
16,17,2025-11-04T08:05:05.950899,0.3964,medium,0.944,v1.0.0 - Grupo 7,2025-11-04T08:05:05.950907
17,17,2025-11-04T08:05:05.950929,0.2721,low,0.7252,v1.0.0 - Grupo 7,2025-11-04T08:05:05.950937
18,20,2025-11-04T08:05:05.950959,0.1774,low,0.8735,v1.0.0 - Grupo 7,2025-11-04T08:05:05.950968
19,16,2025-11-04T08:05:05.950996,0.3131,medium,0.8787,v1.0.0 - Grupo 7,2025-11-04T08:05:05.951005
20,17,2025-11-04T08:05:05.951030,0.1609,low,0.8027,v1.0.0 - Grupo 7,2025-11-04T08:05:05.951038
21,11,2025-11-04T08:05:05.951061,0.4463,medium,0.8323,v1.0.0 - Grupo 7,2025-11-04T08:05:05.951069
22,6,2025-11-04T08:05:05.951091,0.2592,low,0.7129,v1.0.0 - Grupo 7,2025-11-04T08:05:05.951099
23,9,2025-11-04T08:05:05.951121,0.1097,low,0.9574,v1.0.0 - Grupo 7,2025-11-04T08:05:05.951129
24,16,2025-11-04T08:05:05.951151,0.3458,medium,0.9527,v1.0.0 - Grupo 7,2025-11-04T08:05:05.951159
25,17,2025-11-04T08:05:05.951181,0.0859,low,0.775,v1.0.0 - Grupo 7,2025-11-04T08:05:05.951189
26,19,2025-11-04T08:05:05.951211,0.0898,low,0.9103,v1.0.0 - Grupo 7,2025-11-04T08:05:05.951220
27,16,2025-11-04T08:05:05.951242,0.207,low,0.9839,v1.0.0 - Grupo 7,2025-11-04T08:05:05.951250
28,19,2025-11-04T08:05:05.951272,0.2976,low,0.7465,v1.0.0 - Grupo 7,2025-11-04T08:05:05.951281
29,9,2025-11-04T08:05:05.951302,0.5712,medium,0.752,v1.0.0 - Grupo 7,2025-11-04T08:05:05.951311
30,5,2025-11-04T08:05:05.951332,0.0752,low,0.8785,v1.0.0 - Grupo 7,2025-11-04T08:05:05.951341
31,18,2025-11-04T08:05:05.951362,0.3527,medium,0.7114,v1.0.0 - Grupo 7,2025-11-04T08:05:05.951370
32,3,2025-11-04T08:05:05.951392,0.4297,medium,0.9025,v1.0.0 - Grupo 7,2025-11-04T08:05:05.951400
33,17,2025-11-04T08:05:05.951422,0.2224,low,0.7631,v1.0.0 - Grupo 7,2025-11-04T08:05:05.951430
34,20,2025-11-04T08:05:05.951452,0.6207,high,0.7217,v1.0.0 - Grupo 7,2025-11-04T08:05:05.951460
35,13,2025-11-04T08:05:05.951482,0.4656,medium,0.8839,v1.0.0 - Grupo 7,2025-11-04T08:05:05.951490
36,9,2025-11-04T08:05:05.951512,0.3206,medium,0.8009,v1.0.0 - Grupo 7,2025-11-04T08:05:05.951520
37,12,2025-11-04T08:05:05.951542,0.1943,low,0.7284,v1.0.0 - Grupo 7,2025-11-04T08:05:05.951550
38,1,2025-11-04T08:05:05.951572,0.3398,medium,0.8464,v1.0.0 - Grupo 7,2025-11-04T08:05:05.951580
39,5,2025-11-04T08:05:05.951602,0.291,low,0.7722,v1.0.0 - Grupo 7,2025-11-04T08:05:05.951610
40,12,2025-11-04T08:05:05.951632,0.2806,low,0.7903,v1.0.0 - Grupo 7,2025-11-04T08:05:05.951640
41,1,2025-11-04T08:05:05.951662,0.2918,low,0.9154,v1.0.0 - Grupo 7,2025-11-04T08:05:05.951670
42,10,2025-11-04T08:05:05.951692,0.0931,low,0.8221,v1.0.0 - Grupo 7,2025-11-04T08:05:05.951700
43,4,2025-11-04T08:05:05.951722,0.5123,medium,0.9143,v1.0.0 - Grupo 7,2025-11-04T08:05:05.951730
44,17,2025-11-04T08:05:05.951752,0.1271,low,0.716,v1.0.0 - Grupo 7,2025-11-04T08:05:05.951760
45,11,2025-11-04T08:05:05.951782,0.2296,low,0.7127,v1.0.0 - Grupo 7,2025-11-04T08:05:05.951790
46,9,2025-11-04T08:05:05.951812,0.3062,medium,0.9138,v1.0.0 - Grupo 7,2025-11-04T08:05:05.951820
47,17,2025-11-04T08:05:05.951842,0.0288,low,0.9466,v1.0.0 - Grupo 7,2025-11-04T08:05:05.951850
48,5,2025-11-04T08:05:05.951872,0.3069,medium,0.8282,v1.0.0 - Grupo 7,2025-11-04T08:05:05.951880
49,15,2025-11-04T08:05:05.951901,0.398,medium,0.9329,v1.0.0 - Grupo 7,2025-11-04T08:05:05.951910
50,16,2025-11-04T08:05:05.951931,0.1368,low,0.8928,v1.0.0 - Grupo 7,2025-11-04T08:05:05.951940
51,10,2025-11-04T08:05:05.951961,0.2886,low,0.8453,v1.0.0 - Grupo 7,2025-11-04T08:05:05.951970
52,10,2025-11-04T08:05:05.951991,0.363,medium,0.9416,v1.0.0 - Grupo 7,2025-11-04T08:05:05.952000
53,7,2025-11-04T08:05:05.952022,0.5769,medium,0.8388,v1.0.0 - Grupo 7,2025-11-04T08:05:05.952030
54,15,2025-11-04T08:05:05.952052,0.2872,low,0.774,v1.0.0 - Grupo 7,2025-11-04T08:05:05.952061
55,3,2025-11-04T08:05:05.952082,0.2441,low,0.7636,v1.0.0 - Grupo 7,2025-11-04T08:05:05.952091
56,19,2025-11-04T08:05:05.952113,0.2072,low,0.8155,v1.0.0 - Grupo 7,2025-11-04T08:05:05.952121
57,2,2025-11-04T08:05:05.952143,0.4928,medium,0.8474,v1.0.0 - Grupo 7,2025-11-04T08:05:05.952151
58,17,2025-11-04T08:05:05.952173,0.1581,low,0.7744,v1.0.0 - Grupo 7,2025-11-04T08:05:05.952182
59,1,2025-11-04T08:05:05.952204,0.3533,medium,0.9455,v1.0.0 - Grupo 7,2025-11-04T08:05:05.952212
60,3,2025-11-04T08:05:05.952234,0.4585,medium,0.76,v1.0.0 - Grupo 7,2025-11-04T08:05:05.952242
61,7,2025-11-04T08:05:05.952264,0.2025,low,0.7501,v1.0.0 - Grupo 7,2025-11-04T08:05:05.952272
62,14,2025-11-04T08:05:05.952294,0.3613,medium,0.7632,v1.0.0 - Grupo 7,2025-11-04T08:05:05.952302
63,17,2025-11-04T08:05:05.952324,0.4463,medium,0.7624,v1.0.0 - Grupo 7,2025-11-04T08:05:05.952332
64,4,2025-11-04T08:05:05.952354,0.0441,low,0.8504,v1.0.0 - Grupo 7,2025-11-04T08:05:05.952362
65,16,2025-11-04T08:05:05.952384,0.4017,medium,0.7364,v1.0.0 - Grupo 7,2025-11-04T08:05:05.952392
66,12,2025-11-04T08:05:05.952415,0.3999,medium,0.8243,v1.0.0 - Grupo 7,2025-11-04T08:05:05.952423
67,16,2025-11-04T08:05:05.952444,0.5396,medium,0.9298,v1.0.0 - Grupo 7,2025-11-04T08:05:05.952453
68,13,2025-11-04T08:05:05.952474,0.3534,medium,0.9261,v1.0.0 - Grupo 7,2025-11-04T08:05:05.952482
69,3,2025-11-04T08:05:05.952504,0.5276,medium,0.7572,v1.0.0 - Grupo 7,2025-11-04T08:05:05.952512
70,9,2025-11-04T08:05:05.952534,0.1073,low,0.8031,v1.0.0 - Grupo 7,2025-11-04T08:05:05.952542
71,8,2025-11-04T08:05:05.952564,0.3957,medium,0.7509,v1.0.0 - Grupo 7,2025-11-04T08:05:05.952572
72,19,2025-11-04T08:05:05.952594,0.3358,medium,0.819,v1.0.0 - Grupo 7,2025-11-04T08:05:05.952602
73,4,2025-11-04T08:05:05.952624,0.1672,low,0.8573,v1.0.0 - Grupo 7,2025-11-04T08:05:05.952632
74,20,2025-11-04T08:05:05.952654,0.1604,low,0.7229,v1.0.0 - Grupo 7,2025-11-04T08:05:05.952662
75,20,2025-11-04T08:05:05.952684,0.2325,low,0.8203,v1.0.0 - Grupo 7,2025-11-04T08:05:05.952693
76,4,2025-11-04T08:05:05.952714,0.464,medium,0.7886,v1.0.0 - Grupo 7,2025-11-04T08:05:05.952723
77,10,2025-11-04T08:05:05.952744,0.1716,low,0.7753,v1.0.0 - Grupo 7,2025-11-04T08:05:05.952753
78,14,2025-11-04T08:05:05.952776,0.4089,medium,0.8455,v1.0.0 - Grupo 7,2025-11-04T08:05:05.952784
79,10,2025-11-04T08:05:05.952806,0.6387,high,0.7575,v1.0.0 - Grupo 7,2025-11-04T08:05:05.952814
80,19,2025-11-04T08:05:05.952836,0.0261,low,0.7723,v1.0.0 - Grupo 7,2025-11-04T08:05:05.952844
81,1,2025-11-04T08:05:05.952866,0.3592,medium,0.9289,v1.0.0 - Grupo 7,2025-11-04T08:05:05.952875
82,9,2025-11-04T08:05:05.952897,0.3268,medium,0.7853,v1.0.0 - Grupo 7,2025-11-04T08:05:05.952905
83,12,2025-11-04T08:05:05.952927,0.2997,low,0.702,v1.0.0 - Grupo 7,2025-11-04T08:05:05.952935
84,7,2025-11-04T08:05:05.952957,0.2013,low,0.9754,v1.0.0 - Grupo 7,2025-11-04T08:05:05.952965
85,14,2025-11-04T08:05:05.952987,0.0368,low,0.8063,v1.0.0 - Grupo 7,2025-11-04T08:05:05.952995
86,9,2025-11-04T08:05:05.953016,0.2684,low,0.7836,v1.0.0 - Grupo 7,2025-11-04T08:05:05.953025
87,11,2025-11-04T08:05:05.953046,0.5195,medium,0.8737,v1.0.0 - Grupo 7,2025-11-04T08:05:05.953055
88,13,2025-11-04T08:05:05.953076,0.1604,low,0.9797,v1.0.0 - Grupo 7,2025-11-04T08:05:05.953084
89,16,2025-11-04T08:05:05.953106,0.2442,low,0.7534,v1.0.0 - Grupo 7,2025-11-04T08:05:05.953114
90,16,2025-11-04T08:05:05.953136,0.2292,low,0.9082,v1.0.0 - Grupo 7,2025-11-04T08:05:05.953144
91,9,2025-11-04T08:05:05.953166,0.3616,medium,0.8373,v1.0.0 - Grupo 7,2025-11-04T08:05:05.953174
92,12,2025-11-04T08:05:05.953195,0.3783,medium,0.7001,v1.0.0 - Grupo 7,2025-11-04T08:05:05.953204
93,16,2025-11-04T08:05:05.953226,0.3871,medium,0.9187,v1.0.0 - Grupo 7,2025-11-04T08:05:05.953234
94,2,2025-11-04T08:05:05.953257,0.273,low,0.7883,v1.0.0 - Grupo 7,2025-11-04T08:05:05.953265
95,13,2025-11-04T08:05:05.953287,0.21,low,0.7266,v1.0.0 - Grupo 7,2025-11-04T08:05:05.953295
96,2,2025-11-04T08:05:05.953317,0.1937,low,0.9536,v1.0.0 - Grupo 7,2025-11-04T08:05:05.953325
97,13,2025-11-04T08:05:05.953347,0.0972,low,0.7229,v1.0.0 - Grupo 7,2025-11-04T08:05:05.953355
98,20,2025-11-04T08:05:05.953377,0.2441,low,0.8276,v1.0.0 - Grupo 7,2025-11-04T08:05:05.953385
99,15,2025-11-04T08:05:05.953407,0.2095,low,0.8284,v1.0.0 - Grupo 7,2025-11-04T08:05:05.953415
100,11,2025-11-04T08:05:05.953437,0.314,medium,0.8705,v1.0.0 - Grupo 7,2025-11-04T08:05:05.953445
101,17,2025-11-04T08:05:05.953467,0.3047,medium,0.9139,v1.0.0 - Grupo 7,2025-11-04T08:05:05.953475
102,18,2025-11-04T08:05:05.953496,0.3579,medium,0.9831,v1.0.0 - Grupo 7,2025-11-04T08:05:05.953505
103,2,2025-11-04T08:05:05.953527,0.263,low,0.813,v1.0.0 - Grupo 7,2025-11-04T08:05:05.953535
104,19,2025-11-04T08:05:05.953556,0.6564,high,0.9524,v1.0.0 - Grupo 7,2025-11-04T08:05:05.953566
105,16,2025-11-04T08:05:05.953587,0.4209,medium,0.7231,v1.0.0 - Grupo 7,2025-11-04T08:05:05.953596
106,3,2025-11-04T08:05:05.953617,0.4539,medium,0.9487,v1.0.0 - Grupo 7,2025-11-04T08:05:05.953625
107,18,2025-11-04T08:05:05.953648,0.0831,low,0.7522,v1.0.0 - Grupo 7,2025-11-04T08:05:05.953656
108,16,2025-11-04T08:05:05.953678,0.0822,low,0.8867,v1.0.0 - Grupo 7,2025-11-04T08:05:05.953686
109,12,2025-11-04T08:05:05.953708,0.2408,low,0.8811,v1.0.0 - Grupo 7,2025-11-04T08:05:05.953716
110,6,2025-11-04T08:05:05.953739,0.3441,medium,0.9715,v1.0.0 - Grupo 7,2025-11-04T08:05:05.953747
111,8,2025-11-04T08:05:05.953769,0.0831,low,0.7784,v1.0.0 - Grupo 7,2025-11-04T08:05:05.953777
112,17,2025-11-04T08:05:05.953799,0.2489,low,0.7604,v1.0.0 - Grupo 7,2025-11-04T08:05:05.953807
113,5,2025-11-04T08:05:05.953829,0.573,medium,0.7408,v1.0.0 - Grupo 7,2025-11-04T08:05:05.953837
114,3,2025-11-04T08:05:05.953859,0.594,medium,0.8067,v1.0.0 - Grupo 7,2025-11-04T08:05:05.953867
115,7,2025-11-04T08:05:05.953888,0.1494,low,0.8522,v1.0.0 - Grupo 7,2025-11-04T08:05:05.953897
116,2,2025-11-04T08:05:05.953918,0.1506,low,0.8557,v1.0.0 - Grupo 7,2025-11-04T08:05:05.953926
117,18,2025-11-04T08:05:05.953948,0.3264,medium,0.8896,v1.0.0 - Grupo 7,2025-11-04T08:05:05.953956
118,20,2025-11-04T08:05:05.953978,0.1553,low,0.9341,v1.0.0 - Grupo 7,2025-11-04T08:05:05.953986
119,6,2025-11-04T08:05:05.954008,0.1878,low,0.9838,v1.0.0 - Grupo 7,2025-11-04T08:05:05.954016
120,10,2025-11-04T08:05:05.954038,0.3285,medium,0.8792,v1.0.0 - Grupo 7,2025-11-04T08:05:05.954046
121,20,2025-11-04T08:05:05.954068,0.1164,low,0.8079,v1.0.0 - Grupo 7,2025-11-04T08:05:05.954077
122,9,2025-11-04T08:05:05.954099,0.0894,low,0.8544,v1.0.0 - Grupo 7,2025-11-04T08:05:05.954107
123,2,2025-11-04T08:05:05.954128,0.0153,low,0.7989,v1.0.0 - Grupo 7,2025-11-04T08:05:05.954137
124,9,2025-11-04T08:05:05.954158,0.2923,low,0.7826,v1.0.0 - Grupo 7,2025-11-04T08:05:05.954166
125,15,2025-11-04T08:05:05.954188,0.1384,low,0.8777,v1.0.0 - Grupo 7,2025-11-04T08:05:05.954196
126,8,2025-11-04T08:05:05.954218,0.2953,low,0.7422,v1.0.0 - Grupo 7,2025-11-04T08:05:05.954226
127,2,2025-11-04T08:05:05.954248,0.2208,low,0.7674,v1.0.0 - Grupo 7,2025-11-04T08:05:05.954256
128,9,2025-11-04T08:05:05.954278,0.1326,low,0.9399,v1.0.0 - Grupo 7,2025-11-04T08:05:05.954286
129,14,2025-11-04T08:05:05.954308,0.3105,medium,0.9681,v1.0.0 - Grupo 7,2025-11-04T08:05:05.954316
130,12,2025-11-04T08:05:05.954339,0.1861,low,0.9479,v1.0.0 - Grupo 7,2025-11-04T08:05:05.954347
131,20,2025-11-04T08:05:05.954368,0.4279,medium,0.7154,v1.0.0 - Grupo 7,2025-11-04T08:05:05.954377
132,8,2025-11-04T08:05:05.954398,0.0553,low,0.738,v1.0.0 - Grupo 7,2025-11-04T08:05:05.954406
133,3,2025-11-04T08:05:05.954428,0.4648,medium,0.9655,v1.0.0 - Grupo 7,2025-11-04T08:05:05.954436
134,17,2025-11-04T08:05:05.954458,0.0797,low,0.8505,v1.0.0 - Grupo 7,2025-11-04T08:05:05.954466
135,19,2025-11-04T08:05:05.954488,0.4205,medium,0.8572,v1.0.0 - Grupo 7,2025-11-04T08:05:05.954496
136,7,2025-11-04T08:05:05.954518,0.6772,high,0.8364,v1.0.0 - Grupo 7,2025-11-04T08:05:05.954526
137,12,2025-11-04T08:05:05.954548,0.3653,medium,0.728,v1.0.0 - Grupo 7,2025-11-04T08:05:05.954556
138,9,2025-11-04T08:05:05.954578,0.5299,medium,0.9157,v1.0.0 - Grupo 7,2025-11-04T08:05:05.954586
139,19,2025-11-04T08:05:05.954608,0.5077,medium,0.9468,v1.0.0 - Grupo 7,2025-11-04T08:05:05.954616
140,16,2025-11-04T08:05:05.954638,0.242,low,0.7083,v1.0.0 - Grupo 7,2025-11-04T08:05:05.954646
141,20,2025-11-04T08:05:05.954667,0.403,medium,0.8805,v1.0.0 - Grupo 7,2025-11-04T08:05:05.954676
142,5,2025-11-04T08:05:05.954697,0.4412,medium,0.7691,v1.0.0 - Grupo 7,2025-11-04T08:05:05.954705
143,13,2025-11-04T08:05:05.954727,0.2338,low,0.8761,v1.0.0 - Grupo 7,2025-11-04T08:05:05.954735
144,1,2025-11-04T08:05:05.954757,0.491,medium,0.8374,v1.0.0 - Grupo 7,2025-11-04T08:05:05.954765
145,6,2025-11-04T08:05:05.954787,0.2894,low,0.7794,v1.0.0 - Grupo 7,2025-11-04T08:05:05.954795
146,12,2025-11-04T08:05:05.954817,0.5616,medium,0.9175,v1.0.0 - Grupo 7,2025-11-04T08:05:05.954825
147,13,2025-11-04T08:05:05.954847,0.3663,medium,0.8932,v1.0.0 - Grupo 7,2025-11-04T08:05:05.954855
148,14,2025-11-04T08:05:05.954877,0.3225,medium,0.9387,v1.0.0 - Grupo 7,2025-11-04T08:05:05.954885
149,3,2025-11-04T08:05:05.954906,0.2863,low,0.9259,v1.0.0 - Grupo 7,2025-11-04T08:05:05.954915
150,5,2025-11-04T08:05:05.954942,0.1794,low,0.8751,v1.0.0 - Grupo 7,2025-11-04T08:05:05.954951
151,16,2025-11-04T08:05:05.954977,0.1446,low,0.7417,v1.0.0 - Grupo 7,2025-11-04T08:05:05.954986
152,11,2025-11-04T08:05:05.955008,0.2235,low,0.9381,v1.0.0 - Grupo 7,2025-11-04T08:05:05.955016
153,4,2025-11-04T08:05:05.955039,0.467,medium,0.9338,v1.0.0 - Grupo 7,2025-11-04T08:05:05.955047
154,3,2025-11-04T08:05:05.955069,0.1575,low,0.7135,v1.0.0 - Grupo 7,2025-11-04T08:05:05.955077
155,13,2025-11-04T08:05:05.955099,0.1824,low,0.7648,v1.0.0 - Grupo 7,2025-11-04T08:05:05.955107
156,1,2025-11-04T08:05:05.955129,0.7298,high,0.7083,v1.0.0 - Grupo 7,2025-11-04T08:05:05.955137
157,7,2025-11-04T08:05:05.955159,0.3806,medium,0.7841,v1.0.0 - Grupo 7,2025-11-04T08:05:05.955168
158,13,2025-11-04T08:05:05.955190,0.5123,medium,0.7725,v1.0.0 - Grupo 7,2025-11-04T08:05:05.955198
159,6,2025-11-04T08:05:05.955220,0.4251,medium,0.9809,v1.0.0 - Grupo 7,2025-11-04T08:05:05.955228
160,4,2025-11-04T08:05:05.955250,0.0863,low,0.8511,v1.0.0 - Grupo 7,2025-11-04T08:05:05.955258
161,2,2025-11-04T08:05:05.955280,0.244,low,0.792,v1.0.0 - Grupo 7,2025-11-04T08:05:05.955289
162,5,2025-11-04T08:05:05.955311,0.1174,low,0.9552,v1.0.0 - Grupo 7,2025-11-04T08:05:05.955319
163,19,2025-11-04T08:05:05.955341,0.1304,low,0.8059,v1.0.0 - Grupo 7,2025-11-04T08:05:05.955349
164,1,2025-11-04T08:05:05.955371,0.0856,low,0.8836,v1.0.0 - Grupo 7,2025-11-04T08:05:05.955379
165,2,2025-11-04T08:05:05.955401,0.4621,medium,0.9053,v1.0.0 - Grupo 7,2025-11-04T08:05:05.955409
166,16,2025-11-04T08:05:05.955431,0.0638,low,0.7414,v1.0.0 - Grupo 7,2025-11-04T08:05:05.955439
167,12,2025-11-04T08:05:05.955461,0.5011,medium,0.9162,v1.0.0 - Grupo 7,2025-11-04T08:05:05.955469
168,9,2025-11-04T08:05:05.955491,0.199,low,0.9811,v1.0.0 - Grupo 7,2025-11-04T08:05:05.955499
169,19,2025-11-04T08:05:05.955521,0.2551,low,0.7447,v1.0.0 - Grupo 7,2025-11-04T08:05:05.955529
170,15,2025-11-04T08:05:05.955551,0.3476,medium,0.7561,v1.0.0 - Grupo 7,2025-11-04T08:05:05.955559
171,13,2025-11-04T08:05:05.955581,0.1738,low,0.7543,v1.0.0 - Grupo 7,2025-11-04T08:05:05.955589
172,6,2025-11-04T08:05:05.955611,0.5284,medium,0.8004,v1.0.0 - Grupo 7,2025-11-04T08:05:05.955619
173,11,2025-11-04T08:05:05.955640,0.1444,low,0.9898,v1.0.0 - Grupo 7,2025-11-04T08:05:05.955649
174,14,2025-11-04T08:05:05.955672,0.4068,medium,0.8452,v1.0.0 - Grupo 7,2025-11-04T08:05:05.955680
175,11,2025-11-04T08:05:05.955701,0.3344,medium,0.7997,v1.0.0 - Grupo 7,2025-11-04T08:05:05.955710
176,8,2025-11-04T08:05:05.955731,0.1989,low,0.714,v1.0.0 - Grupo 7,2025-11-04T08:05:05.955740
177,18,2025-11-04T08:05:05.955761,0.0522,low,0.784,v1.0.0 - Grupo 7,2025-11-04T08:05:05.955769
178,14,2025-11-04T08:05:05.955791,0.2825,low,0.8465,v1.0.0 - Grupo 7,2025-11-04T08:05:05.955799
179,14,2025-11-04T08:05:05.955821,0.5219,medium,0.7299,v1.0.0 - Grupo 7,2025-11-04T08:05:05.955829
180,19,2025-11-04T08:05:05.955851,0.3534,medium,0.7854,v1.0.0 - Grupo 7,2025-11-04T08:05:05.955859
181,19,2025-11-04T08:05:05.955881,0.2771,low,0.9232,v1.0.0 - Grupo 7,2025-11-04T08:05:05.955889
182,11,2025-11-04T08:05:05.955911,0.2232,low,0.9362,v1.0.0 - Grupo 7,2025-11-04T08:05:05.955919
183,13,2025-11-04T08:05:05.955941,0.3546,medium,0.7483,v1.0.0 - Grupo 7,2025-11-04T08:05:05.955949
184,2,2025-11-04T08:05:05.955971,0.2855,low,0.8252,v1.0.0 - Grupo 7,2025-11-04T08:05:05.955979
185,9,2025-11-04T08:05:05.956001,0.5066,medium,0.9343,v1.0.0 - Grupo 7,2025-11-04T08:05:05.956009
186,17,2025-11-04T08:05:05.956031,0.1553,low,0.8799,v1.0.0 - Grupo 7,2025-11-04T08:05:05.956040
187,12,2025-11-04T08:05:05.956062,0.1412,low,0.9071,v1.0.0 - Grupo 7,2025-11-04T08:05:05.956070
188,6,2025-11-04T08:05:05.956092,0.2804,low,0.7959,v1.0.0 - Grupo 7,2025-11-04T08:05:05.956100
189,19,2025-11-04T08:05:05.956122,0.1144,low,0.7193,v1.0.0 - Grupo 7,2025-11-04T08:05:05.956130
190,17,2025-11-04T08:05:05.956152,0.3365,medium,0.951,v1.0.0 - Grupo 7,2025-11-04T08:05:05.956160
191,19,2025-11-04T08:05:05.956182,0.6623,high,0.8692,v1.0.0 - Grupo 7,2025-11-04T08:05:05.956190
192,7,2025-11-04T08:05:05.956212,0.0523,low,0.8653,v1.0.0 - Grupo 7,2025-11-04T08:05:05.956220
193,18,2025-11-04T08:05:05.956242,0.1072,low,0.9693,v1.0.0 - Grupo 7,2025-11-04T08:05:05.956251
194,16,2025-11-04T08:05:05.956272,0.3924,medium,0.7652,v1.0.0 - Grupo 7,2025-11-04T08:05:05.956281
195,14,2025-11-04T08:05:05.956303,0.024,low,0.7533,v1.0.0 - Grupo 7,2025-11-04T08:05:05.956311
196,12,2025-11-04T08:05:05.956333,0.149,low,0.7933,v1.0.0 - Grupo 7,2025-11-04T08:05:05.956341
197,17,2025-11-04T08:05:05.956363,0.0772,low,0.8633,v1.0.0 - Grupo 7,2025-11-04T08:05:05.956371
198,5,2025-11-04T08:05:05.956393,0.1755,low,0.8588,v1.0.0 - Grupo 7,2025-11-04T08:05:05.956401
199,20,2025-11-04T08:05:05.956423,0.1953,low,0.9752,v1.0.0 - Grupo 7,2025-11-04T08:05:05.956432
200,1,2025-11-04T08:05:05.956453,0.2887,low,0.9526,v1.0.0 - Grupo 7,2025-11-04T08:05:05.956462
201,15,2025-11-04T08:05:05.956484,0.1527,low,0.9698,v1.0.0 - Grupo 7,2025-11-04T08:05:05.956493
202,5,2025-11-04T08:05:05.956515,0.2431,low,0.739,v1.0.0 - Grupo 7,2025-11-04T08:05:05.956524
203,3,2025-11-04T08:05:05.956546,0.202,low,0.9791,v1.0.0 - Grupo 7,2025-11-04T08:05:05.956554
204,17,2025-11-04T08:05:05.956576,0.1487,low,0.861,v1.0.0 - Grupo 7,2025-11-04T08:05:05.956584
205,15,2025-11-04T08:05:05.956606,0.4516,medium,0.8287,v1.0.0 - Grupo 7,2025-11-04T08:05:05.956615
206,9,2025-11-04T08:05:05.956637,0.0995,low,0.7743,v1.0.0 - Grupo 7,2025-11-04T08:05:05.956645
207,18,2025-11-04T08:05:05.956667,0.2342,low,0.8051,v1.0.0 - Grupo 7,2025-11-04T08:05:05.956675
208,10,2025-11-04T08:05:05.956697,0.2059,low,0.8253,v1.0.0 - Grupo 7,2025-11-04T08:05:05.956705
209,10,2025-11-04T08:05:05.956727,0.5223,medium,0.9118,v1.0.0 - Grupo 7,2025-11-04T08:05:05.956735
210,14,2025-11-04T08:05:05.956758,0.7243,high,0.7711,v1.0.0 - Grupo 7,2025-11-04T08:05:05.956766
211,9,2025-11-04T08:05:05.956788,0.3517,medium,0.7213,v1.0.0 - Grupo 7,2025-11-04T08:05:05.956796
212,7,2025-11-04T08:05:05.956817,0.2274,low,0.838,v1.0.0 - Grupo 7,2025-11-04T08:05:05.956826
213,13,2025-11-04T08:05:05.956847,0.5012,medium,0.8322,v1.0.0 - Grupo 7,2025-11-04T08:05:05.956856
214,17,2025-11-04T08:05:05.956877,0.144,low,0.7372,v1.0.0 - Grupo 7,2025-11-04T08:05:05.956886
215,14,2025-11-04T08:05:05.956907,0.2796,low,0.9159,v1.0.0 - Grupo 7,2025-11-04T08:05:05.956916
216,14,2025-11-04T08:05:05.956937,0.1353,low,0.9848,v1.0.0 - Grupo 7,2025-11-04T08:05:05.956946
217,16,2025-11-04T08:05:05.956967,0.4774,medium,0.7272,v1.0.0 - Grupo 7,2025-11-04T08:05:05.956975
218,18,2025-11-04T08:05:05.956997,0.4363,medium,0.7703,v1.0.0 - Grupo 7,2025-11-04T08:05:05.957006
219,14,2025-11-04T08:05:05.957027,0.1345,low,0.9121,v1.0.0 - Grupo 7,2025-11-04T08:05:05.957036
220,1,2025-11-04T08:05:05.957057,0.3368,medium,0.9194,v1.0.0 - Grupo 7,2025-11-04T08:05:05.957066
221,11,2025-11-04T08:05:05.957087,0.4777,medium,0.7421,v1.0.0 - Grupo 7,2025-11-04T08:05:05.957096
222,17,2025-11-04T08:05:05.957117,0.3875,medium,0.8527,v1.0.0 - Grupo 7,2025-11-04T08:05:05.957126
223,8,2025-11-04T08:05:05.957148,0.2041,low,0.8758,v1.0.0 - Grupo 7,2025-11-04T08:05:05.957156
224,10,2025-11-04T08:05:05.957178,0.1861,low,0.7822,v1.0.0 - Grupo 7,2025-11-04T08:05:05.957186
225,19,2025-11-04T08:05:05.957208,0.1535,low,0.9045,v1.0.0 - Grupo 7,2025-11-04T08:05:05.957216
226,13,2025-11-04T08:05:05.957238,0.2076,low,0.975,v1.0.0 - Grupo 7,2025-11-04T08:05:05.957246
227,2,2025-11-04T08:05:05.957268,0.0463,low,0.7587,v1.0.0 - Grupo 7,2025-11-04T08:05:05.957276
228,16,2025-11-04T08:05:05.957298,0.1557,low,0.7587,v1.0.0 - Grupo 7,2025-11-04T08:05:05.957306
229,2,2025-11-04T08:05:05.957328,0.1336,low,0.7247,v1.0.0 - Grupo 7,2025-11-04T08:05:05.957336
230,14,2025-11-04T08:05:05.957358,0.7355,high,0.9051,v1.0.0 - Grupo 7,2025-11-04T08:05:05.957366
231,1,2025-11-04T08:05:05.957388,0.4389,medium,0.9215,v1.0.0 - Grupo 7,2025-11-04T08:05:05.957397
232,17,2025-11-04T08:05:05.957418,0.042,low,0.8726,v1.0.0 - Grupo 7,2025-11-04T08:05:05.957427
233,2,2025-11-04T08:05:05.957448,0.0202,low,0.9252,v1.0.0 - Grupo 7,2025-11-04T08:05:05.957457
234,11,2025-11-04T08:05:05.957480,0.1124,low,0.9031,v1.0.0 - Grupo 7,2025-11-04T08:05:05.957488
235,8,2025-11-04T08:05:05.957509,0.6187,high,0.731,v1.0.0 - Grupo 7,2025-11-04T08:05:05.957518
236,9,2025-11-04T08:05:05.957540,0.3722,medium,0.947,v1.0.0 - Grupo 7,2025-11-04T08:05:05.957548
237,19,2025-11-04T08:05:05.957569,0.2943,low,0.8469,v1.0.0 - Grupo 7,2025-11-04T08:05:05.957578
238,14,2025-11-04T08:05:05.957599,0.3312,medium,0.7111,v1.0.0 - Grupo 7,2025-11-04T08:05:05.957608
239,8,2025-11-04T08:05:05.957629,0.5084,medium,0.948,v1.0.0 - Grupo 7,2025-11-04T08:05:05.957637
240,7,2025-11-04T08:05:05.957659,0.3781,medium,0.7303,v1.0.0 - Grupo 7,2025-11-04T08:05:05.957667
241,5,2025-11-04T08:05:05.957689,0.3588,medium,0.9361,v1.0.0 - Grupo 7,2025-11-04T08:05:05.957697
242,2,2025-11-04T08:05:05.957719,0.3032,medium,0.9369,v1.0.0 - Grupo 7,2025-11-04T08:05:05.957727
243,18,2025-11-04T08:05:05.957749,0.1475,low,0.7191,v1.0.0 - Grupo 7,2025-11-04T08:05:05.957757
244,16,2025-11-04T08:05:05.957779,0.1037,low,0.979,v1.0.0 - Grupo 7,2025-11-04T08:05:05.957788
245,13,2025-11-04T08:05:05.957809,0.1782,low,0.849,v1.0.0 - Grupo 7,2025-11-04T08:05:05.957817
246,12,2025-11-04T08:05:05.957839,0.2581,low,0.7745,v1.0.0 - Grupo 7,2025-11-04T08:05:05.957847
247,13,2025-11-04T08:05:05.957869,0.6594,high,0.7626,v1.0.0 - Grupo 7,2025-11-04T08:05:05.957877
248,19,2025-11-04T08:05:05.957900,0.1815,low,0.787,v1.0.0 - Grupo 7,2025-11-04T08:05:05.957908
249,9,2025-11-04T08:05:05.957930,0.1427,low,0.7223,v1.0.0 - Grupo 7,2025-11-04T08:05:05.957939
250,18,2025-11-04T08:05:05.957961,0.2202,low,0.9816,v1.0.0 - Grupo 7,2025-11-04T08:05:05.957969
251,18,2025-11-04T08:05:05.957991,0.4819,medium,0.9677,v1.0.0 - Grupo 7,2025-11-04T08:05:05.957999
252,1,2025-11-04T08:05:05.958021,0.2937,low,0.8256,v1.0.0 - Grupo 7,2025-11-04T08:05:05.958030
253,7,2025-11-04T08:05:05.958051,0.1258,low,0.7009,v1.0.0 - Grupo 7,2025-11-04T08:05:05.958060
254,14,2025-11-04T08:05:05.958081,0.2421,low,0.8015,v1.0.0 - Grupo 7,2025-11-04T08:05:05.958090
255,20,2025-11-04T08:05:05.958112,0.1292,low,0.9474,v1.0.0 - Grupo 7,2025-11-04T08:05:05.958120
256,18,2025-11-04T08:05:05.958142,0.1305,low,0.8099,v1.0.0 - Grupo 7,2025-11-04T08:05:05.958150
257,18,2025-11-04T08:05:05.958172,0.4328,medium,0.9745,v1.0.0 - Grupo 7,2025-11-04T08:05:05.958180
258,19,2025-11-04T08:05:05.958202,0.2469,low,0.92,v1.0.0 - Grupo 7,2025-11-04T08:05:05.958210
259,12,2025-11-04T08:05:05.958232,0.1872,low,0.7125,v1.0.0 - Grupo 7,2025-11-04T08:05:05.958241
260,5,2025-11-04T08:05:05.958263,0.1535,low,0.873,v1.0.0 - Grupo 7,2025-11-04T08:05:05.958271
261,7,2025-11-04T08:05:05.958293,0.182,low,0.8636,v1.0.0 - Grupo 7,2025-11-04T08:05:05.958301
262,19,2025-11-04T08:05:05.958323,0.2934,low,0.858,v1.0.0 - Grupo 7,2025-11-04T08:05:05.958331
263,10,2025-11-04T08:05:05.958353,0.6342,high,0.8487,v1.0.0 - Grupo 7,2025-11-04T08:05:05.958361
264,18,2025-11-04T08:05:05.958384,0.2762,low,0.7561,v1.0.0 - Grupo 7,2025-11-04T08:05:05.958392
265,10,2025-11-04T08:05:05.958414,0.2995,low,0.7099,v1.0.0 - Grupo 7,2025-11-04T08:05:05.958422
266,4,2025-11-04T08:05:05.958447,0.1965,low,0.7791,v1.0.0 - Grupo 7,2025-11-04T08:05:05.958455
267,7,2025-11-04T08:05:05.958477,0.3264,medium,0.7775,v1.0.0 - Grupo 7,2025-11-04T08:05:05.958485
268,12,2025-11-04T08:05:05.958507,0.2089,low,0.9681,v1.0.0 - Grupo 7,2025-11-04T08:05:05.958515
269,9,2025-11-04T08:05:05.958537,0.6585,high,0.7067,v1.0.0 - Grupo 7,2025-11-04T08:05:05.958545
270,1,2025-11-04T08:05:05.958576,0.0526,low,0.8225,v1.0.0 - Grupo 7,2025-11-04T08:05:05.958584
271,8,2025-11-04T08:05:05.958606,0.0866,low,0.9498,v1.0.0 - Grupo 7,2025-11-04T08:05:05.958614
272,15,2025-11-04T08:05:05.958636,0.3759,medium,0.7776,v1.0.0 - Grupo 7,2025-11-04T08:05:05.958644
273,4,2025-11-04T08:05:05.958666,0.2125,low,0.8589,v1.0.0 - Grupo 7,2025-11-04T08:05:05.958674
274,7,2025-11-04T08:05:05.958696,0.3185,medium,0.8107,v1.0.0 - Grupo 7,2025-11-04T08:05:05.958705
275,9,2025-11-04T08:05:05.958726,0.3059,medium,0.7305,v1.0.0 - Grupo 7,2025-11-04T08:05:05.958735
276,8,2025-11-04T08:05:05.958757,0.3425,medium,0.7613,v1.0.0 - Grupo 7,2025-11-04T08:05:05.958765
277,15,2025-11-04T08:05:05.958787,0.5695,medium,0.9869,v1.0.0 - Grupo 7,2025-11-04T08:05:05.958795
278,14,2025-11-04T08:05:05.958817,0.308,medium,0.8839,v1.0.0 - Grupo 7,2025-11-04T08:05:05.958825
279,10,2025-11-04T08:05:05.958847,0.197,low,0.9764,v1.0.0 - Grupo 7,2025-11-04T08:05:05.958856
280,12,2025-11-04T08:05:05.958877,0.3974,medium,0.9186,v1.0.0 - Grupo 7,2025-11-04T08:05:05.958886
281,5,2025-11-04T08:05:05.958908,0.6418,high,0.8861,v1.0.0 - Grupo 7,2025-11-04T08:05:05.958916
282,9,2025-11-04T08:05:05.958937,0.3034,medium,0.7836,v1.0.0 - Grupo 7,2025-11-04T08:05:05.958946
283,3,2025-11-04T08:05:05.958967,0.334,medium,0.8057,v1.0.0 - Grupo 7,2025-11-04T08:05:05.958976
284,6,2025-11-04T08:05:05.958998,0.1051,low,0.9477,v1.0.0 - Grupo 7,2025-11-04T08:05:05.959006
285,16,2025-11-04T08:05:05.959028,0.0401,low,0.7899,v1.0.0 - Grupo 7,2025-11-04T08:05:05.959036
286,11,2025-11-04T08:05:05.959061,0.378,medium,0.8015,v1.0.0 - Grupo 7,2025-11-04T08:05:05.959070
287,14,2025-11-04T08:05:05.959092,0.1448,low,0.9737,v1.0.0 - Grupo 7,2025-11-04T08:05:05.959101
288,10,2025-11-04T08:05:05.959123,0.4187,medium,0.7794,v1.0.0 - Grupo 7,2025-11-04T08:05:05.959131
289,9,2025-11-04T08:05:05.959153,0.551,medium,0.8762,v1.0.0 - Grupo 7,2025-11-04T08:05:05.959161
290,12,2025-11-04T08:05:05.959183,0.3896,medium,0.865,v1.0.0 - Grupo 7,2025-11-04T08:05:05.959192
291,11,2025-11-04T08:05:05.959214,0.1696,low,0.9376,v1.0.0 - Grupo 7,2025-11-04T08:05:05.959222
292,1,2025-11-04T08:05:05.959244,0.061,low,0.8113,v1.0.0 - Grupo 7,2025-11-04T08:05:05.959252
293,12,2025-11-04T08:05:05.959274,0.4122,medium,0.7721,v1.0.0 - Grupo 7,2025-11-04T08:05:05.959282
294,17,2025-11-04T08:05:05.959304,0.2223,low,0.8239,v1.0.0 - Grupo 7,2025-11-04T08:05:05.959312
295,6,2025-11-04T08:05:05.959334,0.3408,medium,0.703,v1.0.0 - Grupo 7,2025-11-04T08:05:05.959343
296,15,2025-11-04T08:05:05.959365,0.0825,low,0.8619,v1.0.0 - Grupo 7,2025-11-04T08:05:05.959374
297,19,2025-11-04T08:05:05.959395,0.0631,low,0.781,v1.0.0 - Grupo 7,2025-11-04T08:05:05.959404
298,3,2025-11-04T08:05:05.959426,0.4962,medium,0.7662,v1.0.0 - Grupo 7,2025-11-04T08:05:05.959434
299,6,2025-11-04T08:05:05.959456,0.5801,medium,0.8606,v1.0.0 - Grupo 7,2025-11-04T08:05:05.959464
300,15,2025-11-04T08:05:05.959486,0.2144,low,0.816,v1.0.0 - Grupo 7,2025-11-04T08:05:05.959494
301,19,2025-11-04T08:05:05.959516,0.1918,low,0.8722,v1.0.0 - Grupo 7,2025-11-04T08:05:05.959524
302,12,2025-11-04T08:05:05.959546,0.0943,low,0.7435,v1.0.0 - Grupo 7,2025-11-04T08:05:05.959555
303,16,2025-11-04T08:05:05.959577,0.1219,low,0.7817,v1.0.0 - Grupo 7,2025-11-04T08:05:05.959585
304,15,2025-11-04T08:05:05.959607,0.4772,medium,0.9013,v1.0.0 - Grupo 7,2025-11-04T08:05:05.959615
305,6,2025-11-04T08:05:05.959637,0.078,low,0.7137,v1.0.0 - Grupo 7,2025-11-04T08:05:05.959645
306,20,2025-11-04T08:05:05.959667,0.2293,low,0.9119,v1.0.0 - Grupo 7,2025-11-04T08:05:05.959675
307,13,2025-11-04T08:05:05.959697,0.2854,low,0.7621,v1.0.0 - Grupo 7,2025-11-04T08:05:05.959705
308,4,2025-11-04T08:05:05.959727,0.2713,low,0.9741,v1.0.0 - Grupo 7,2025-11-04T08:05:05.959735
309,14,2025-11-04T08:05:05.959757,0.3339,medium,0.8033,v1.0.0 - Grupo 7,2025-11-04T08:05:05.959766
310,17,2025-11-04T08:05:05.959789,0.3708,medium,0.9222,v1.0.0 - Grupo 7,2025-11-04T08:05:05.959797
311,14,2025-11-04T08:05:05.959820,0.4979,medium,0.9116,v1.0.0 - Grupo 7,2025-11-04T08:05:05.959828
312,17,2025-11-04T08:05:05.959850,0.4336,medium,0.9155,v1.0.0 - Grupo 7,2025-11-04T08:05:05.959858
313,16,2025-11-04T08:05:05.959880,0.2804,low,0.8053,v1.0.0 - Grupo 7,2025-11-04T08:05:05.959889
314,1,2025-11-04T08:05:05.959911,0.0716,low,0.9101,v1.0.0 - Grupo 7,2025-11-04T08:05:05.959919
315,10,2025-11-04T08:05:05.959941,0.1832,low,0.7387,v1.0.0 - Grupo 7,2025-11-04T08:05:05.959949
316,15,2025-11-04T08:05:05.959971,0.0754,low,0.7558,v1.0.0 - Grupo 7,2025-11-04T08:05:05.959979
317,3,2025-11-04T08:05:05.960001,0.2604,low,0.8014,v1.0.0 - Grupo 7,2025-11-04T08:05:05.960009
318,8,2025-11-04T08:05:05.960031,0.4225,medium,0.9661,v1.0.0 - Grupo 7,2025-11-04T08:05:05.960039
319,17,2025-11-04T08:05:05.960061,0.1508,low,0.8112,v1.0.0 - Grupo 7,2025-11-04T08:05:05.960069
320,17,2025-11-04T08:05:05.960091,0.5323,medium,0.8265,v1.0.0 - Grupo 7,2025-11-04T08:05:05.960099
321,2,2025-11-04T08:05:05.960121,0.0983,low,0.9285,v1.0.0 - Grupo 7,2025-11-04T08:05:05.960129
322,20,2025-11-04T08:05:05.960151,0.1832,low,0.9561,v1.0.0 - Grupo 7,2025-11-04T08:05:05.960159
323,7,2025-11-04T08:05:05.960181,0.4272,medium,0.8712,v1.0.0 - Grupo 7,2025-11-04T08:05:05.960189
324,5,2025-11-04T08:05:05.960212,0.3171,medium,0.9386,v1.0.0 - Grupo 7,2025-11-04T08:05:05.960220
325,1,2025-11-04T08:05:05.960262,0.141,low,0.9198,v1.0.0 - Grupo 7,2025-11-04T08:05:05.960274
326,3,2025-11-04T08:05:05.960301,0.1496,low,0.7291,v1.0.0 - Grupo 7,2025-11-04T08:05:05.960312
327,4,2025-11-04T08:05:05.960386,0.3698,medium,0.9344,v1.0.0 - Grupo 7,2025-11-04T08:05:05.960405
328,13,2025-11-04T08:05:05.960448,0.0325,low,0.9698,v1.0.0 - Grupo 7,2025-11-04T08:05:05.960462
329,20,2025-11-04T08:05:05.960499,0.3773,medium,0.8211,v1.0.0 - Grupo 7,2025-11-04T08:05:05.960518
330,3,2025-11-04T08:05:05.960585,0.6267,high,0.8515,v1.0.0 - Grupo 7,2025-11-04T08:05:05.960603
331,20,2025-11-04T08:05:05.960653,0.3993,medium,0.9625,v1.0.0 - Grupo 7,2025-11-04T08:05:05.960671
332,1,2025-11-04T08:05:05.960725,0.1286,low,0.8949,v1.0.0 - Grupo 7,2025-11-04T08:05:05.960740
333,17,2025-11-04T08:05:05.960781,0.1219,low,0.8165,v1.0.0 - Grupo 7,2025-11-04T08:05:05.960797
334,20,2025-11-04T08:05:05.960837,0.1397,low,0.9106,v1.0.0 - Grupo 7,2025-11-04T08:05:05.960852
335,6,2025-11-04T08:05:05.960892,0.373,medium,0.7206,v1.0.0 - Grupo 7,2025-11-04T08:05:05.960909
336,4,2025-11-04T08:05:05.960953,0.2071,low,0.8399,v1.0.0 - Grupo 7,2025-11-04T08:05:05.960976
337,18,2025-11-04T08:05:05.961058,0.0717,low,0.842,v1.0.0 - Grupo 7,2025-11-04T08:05:05.961119
338,18,2025-11-04T08:05:05.961234,0.1216,low,0.8576,v1.0.0 - Grupo 7,2025-11-04T08:05:05.961268
339,14,2025-11-04T08:05:05.961337,0.2901,low,0.701,v1.0.0 - Grupo 7,2025-11-04T08:05:05.961354
340,2,2025-11-04T08:05:05.961394,0.5619,medium,0.7409,v1.0.0 - Grupo 7,2025-11-04T08:05:05.961408
341,5,2025-11-04T08:05:05.961455,0.255,low,0.7201,v1.0.0 - Grupo 7,2025-11-04T08:05:05.961468
342,1,2025-11-04T08:05:05.961504,0.1375,low,0.9795,v1.0.0 - Grupo 7,2025-11-04T08:05:05.961518
343,17,2025-11-04T08:05:05.961555,0.4628,medium,0.8723,v1.0.0 - Grupo 7,2025-11-04T08:05:05.961600
344,4,2025-11-04T08:05:05.961637,0.0552,low,0.7353,v1.0.0 - Grupo 7,2025-11-04T08:05:05.961651
345,17,2025-11-04T08:05:05.961714,0.4584,medium,0.9207,v1.0.0 - Grupo 7,2025-11-04T08:05:05.961727
346,9,2025-11-04T08:05:05.961784,0.4081,medium,0.9461,v1.0.0 - Grupo 7,2025-11-04T08:05:05.961793
347,9,2025-11-04T08:05:05.961815,0.3931,medium,0.7764,v1.0.0 - Grupo 7,2025-11-04T08:05:05.961824
348,3,2025-11-04T08:05:05.961846,0.0852,low,0.851,v1.0.0 - Grupo 7,2025-11-04T08:05:05.961855
349,17,2025-11-04T08:05:05.961877,0.2695,low,0.8877,v1.0.0 - Grupo 7,2025-11-04T08:05:05.961885
350,18,2025-11-04T08:05:05.961908,0.0417,low,0.7068,v1.0.0 - Grupo 7,2025-11-04T08:05:05.961916
351,7,2025-11-04T08:05:05.961938,0.2719,low,0.7129,v1.0.0 - Grupo 7,2025-11-04T08:05:05.961947
352,4,2025-11-04T08:05:05.961970,0.4302,medium,0.7771,v1.0.0 - Grupo 7,2025-11-04T08:05:05.961978
353,10,2025-11-04T08:05:05.962000,0.2012,low,0.9426,v1.0.0 - Grupo 7,2025-11-04T08:05:05.962009
354,11,2025-11-04T08:05:05.962033,0.0858,low,0.9719,v1.0.0 - Grupo 7,2025-11-04T08:05:05.962042
355,3,2025-11-04T08:05:05.962064,0.2939,low,0.9317,v1.0.0 - Grupo 7,2025-11-04T08:05:05.962091
356,3,2025-11-04T08:05:05.962124,0.3117,medium,0.9029,v1.0.0 - Grupo 7,2025-11-04T08:05:05.962147
357,8,2025-11-04T08:05:05.962169,0.2186,low,0.7803,v1.0.0 - Grupo 7,2025-11-04T08:05:05.962178
358,1,2025-11-04T08:05:05.962200,0.4643,medium,0.9075,v1.0.0 - Grupo 7,2025-11-04T08:05:05.962209
359,11,2025-11-04T08:05:05.962231,0.1702,low,0.7356,v1.0.0 - Grupo 7,2025-11-04T08:05:05.962239
360,8,2025-11-04T08:05:05.962262,0.2347,low,0.729,v1.0.0 - Grupo 7,2025-11-04T08:05:05.962270
361,7,2025-11-04T08:05:05.962293,0.3051,medium,0.8106,v1.0.0 - Grupo 7,2025-11-04T08:05:05.962301
362,13,2025-11-04T08:05:05.962324,0.3562,medium,0.8078,v1.0.0 - Grupo 7,2025-11-04T08:05:05.962332
363,15,2025-11-04T08:05:05.962354,0.2058,low,0.7626,v1.0.0 - Grupo 7,2025-11-04T08:05:05.962363
364,6,2025-11-04T08:05:05.962385,0.2345,low,0.7976,v1.0.0 - Grupo 7,2025-11-04T08:05:05.962393
365,9,2025-11-04T08:05:05.962416,0.5544,medium,0.8678,v1.0.0 - Grupo 7,2025-11-04T08:05:05.962424
366,8,2025-11-04T08:05:05.962446,0.2605,low,0.7786,v1.0.0 - Grupo 7,2025-11-04T08:05:05.962455
367,6,2025-11-04T08:05:05.962477,0.2471,low,0.7811,v1.0.0 - Grupo 7,2025-11-04T08:05:05.962486
368,16,2025-11-04T08:05:05.962508,0.4517,medium,0.86,v1.0.0 - Grupo 7,2025-11-04T08:05:05.962517
369,3,2025-11-04T08:05:05.962539,0.2802,low,0.8845,v1.0.0 - Grupo 7,2025-11-04T08:05:05.962548
370,4,2025-11-04T08:05:05.962570,0.0955,low,0.7341,v1.0.0 - Grupo 7,2025-11-04T08:05:05.962579
371,14,2025-11-04T08:05:05.962601,0.1224,low,0.7391,v1.0.0 - Grupo 7,2025-11-04T08:05:05.962610
372,5,2025-11-04T08:05:05.962632,0.0617,low,0.819,v1.0.0 - Grupo 7,2025-11-04T08:05:05.962641
373,10,2025-11-04T08:05:05.962663,0.2268,low,0.9027,v1.0.0 - Grupo 7,2025-11-04T08:05:05.962672
374,18,2025-11-04T08:05:05.962694,0.0828,low,0.9071,v1.0.0 - Grupo 7,2025-11-04T08:05:05.962702
375,19,2025-11-04T08:05:05.962725,0.4451,medium,0.8245,v1.0.0 - Grupo 7,2025-11-04T08:05:05.962733
376,1,2025-11-04T08:05:05.962755,0.4277,medium,0.85,v1.0.0 - Grupo 7,2025-11-04T08:05:05.962764
377,11,2025-11-04T08:05:05.962786,0.264,low,0.7745,v1.0.0 - Grupo 7,2025-11-04T08:05:05.962794
378,15,2025-11-04T08:05:05.962817,0.4709,medium,0.7053,v1.0.0 - Grupo 7,2025-11-04T08:05:05.962825
379,15,2025-11-04T08:05:05.962848,0.1851,low,0.8966,v1.0.0 - Grupo 7,2025-11-04T08:05:05.962856
380,13,2025-11-04T08:05:05.962879,0.4638,medium,0.9525,v1.0.0 - Grupo 7,2025-11-04T08:05:05.962887
381,1,2025-11-04T08:05:05.962909,0.2741,low,0.9454,v1.0.0 - Grupo 7,2025-11-04T08:05:05.962918
382,4,2025-11-04T08:05:05.962940,0.4372,medium,0.7384,v1.0.0 - Grupo 7,2025-11-04T08:05:05.962948
383,4,2025-11-04T08:05:05.962971,0.1135,low,0.9598,v1.0.0 - Grupo 7,2025-11-04T08:05:05.962979
384,6,2025-11-04T08:05:05.963002,0.3785,medium,0.7305,v1.0.0 - Grupo 7,2025-11-04T08:05:05.963010
385,7,2025-11-04T08:05:05.963033,0.1197,low,0.7644,v1.0.0 - Grupo 7,2025-11-04T08:05:05.963041
386,20,2025-11-04T08:05:05.963064,0.136,low,0.9638,v1.0.0 - Grupo 7,2025-11-04T08:05:05.963091
387,13,2025-11-04T08:05:05.963122,0.2241,low,0.7122,v1.0.0 - Grupo 7,2025-11-04T08:05:05.963146
388,18,2025-11-04T08:05:05.963168,0.2736,low,0.9447,v1.0.0 - Grupo 7,2025-11-04T08:05:05.963177
389,13,2025-11-04T08:05:05.963199,0.3806,medium,0.7183,v1.0.0 - Grupo 7,2025-11-04T08:05:05.963208
390,20,2025-11-04T08:05:05.963231,0.6447,high,0.9292,v1.0.0 - Grupo 7,2025-11-04T08:05:05.963239
391,8,2025-11-04T08:05:05.963262,0.4392,medium,0.9401,v1.0.0 - Grupo 7,2025-11-04T08:05:05.963271
392,2,2025-11-04T08:05:05.963293,0.1836,low,0.8823,v1.0.0 - Grupo 7,2025-11-04T08:05:05.963301
393,20,2025-11-04T08:05:05.963324,0.2836,low,0.7699,v1.0.0 - Grupo 7,2025-11-04T08:05:05.963332
394,1,2025-11-04T08:05:05.963364,0.1739,low,0.903,v1.0.0 - Grupo 7,2025-11-04T08:05:05.963373
395,4,2025-11-04T08:05:05.963396,0.1578,low,0.8625,v1.0.0 - Grupo 7,2025-11-04T08:05:05.963405
396,2,2025-11-04T08:05:05.963427,0.0385,low,0.9308,v1.0.0 - Grupo 7,2025-11-04T08:05:05.963435
397,13,2025-11-04T08:05:05.963458,0.1401,low,0.8975,v1.0.0 - Grupo 7,2025-11-04T08:05:05.963466
398,12,2025-11-04T08:05:05.963488,0.3518,medium,0.766,v1.0.0 - Grupo 7,2025-11-04T08:05:05.963497
399,14,2025-11-04T08:05:05.963519,0.2298,low,0.9653,v1.0.0 - Grupo 7,2025-11-04T08:05:05.963528
400,12,2025-11-04T08:05:05.963550,0.0613,low,0.7923,v1.0.0 - Grupo 7,2025-11-04T08:05:05.963559
401,4,2025-11-04T08:05:05.963581,0.357,medium,0.9484,v1.0.0 - Grupo 7,2025-11-04T08:05:05.963590
402,18,2025-11-04T08:05:05.963614,0.211,low,0.8125,v1.0.0 - Grupo 7,2025-11-04T08:05:05.963622
403,16,2025-11-04T08:05:05.963645,0.1684,low,0.9656,v1.0.0 - Grupo 7,2025-11-04T08:05:05.963653
404,12,2025-11-04T08:05:05.963675,0.2545,low,0.9396,v1.0.0 - Grupo 7,2025-11-04T08:05:05.963684
405,8,2025-11-04T08:05:05.963706,0.2822,low,0.8983,v1.0.0 - Grupo 7,2025-11-04T08:05:05.963715
406,11,2025-11-04T08:05:05.963737,0.3038,medium,0.8968,v1.0.0 - Grupo 7,2025-11-04T08:05:05.963746
407,20,2025-11-04T08:05:05.963768,0.0796,low,0.7398,v1.0.0 - Grupo 7,2025-11-04T08:05:05.963776
408,1,2025-11-04T08:05:05.963799,0.4629,medium,0.729,v1.0.0 - Grupo 7,2025-11-04T08:05:05.963807
409,17,2025-11-04T08:05:05.963830,0.0806,low,0.8081,v1.0.0 - Grupo 7,2025-11-04T08:05:05.963838
410,19,2025-11-04T08:05:05.963861,0.2908,low,0.8357,v1.0.0 - Grupo 7,2025-11-04T08:05:05.963869
411,9,2025-11-04T08:05:05.963892,0.1148,low,0.8164,v1.0.0 - Grupo 7,2025-11-04T08:05:05.963900
412,6,2025-11-04T08:05:05.963922,0.0982,low,0.8986,v1.0.0 - Grupo 7,2025-11-04T08:05:05.963931
413,15,2025-11-04T08:05:05.963954,0.1591,low,0.8897,v1.0.0 - Grupo 7,2025-11-04T08:05:05.963962
414,7,2025-11-04T08:05:05.963985,0.3424,medium,0.7369,v1.0.0 - Grupo 7,2025-11-04T08:05:05.963994
415,10,2025-11-04T08:05:05.964016,0.1673,low,0.7954,v1.0.0 - Grupo 7,2025-11-04T08:05:05.964025
416,15,2025-11-04T08:05:05.964047,0.3645,medium,0.7766,v1.0.0 - Grupo 7,2025-11-04T08:05:05.964055
417,13,2025-11-04T08:05:05.964078,0.5622,medium,0.8639,v1.0.0 - Grupo 7,2025-11-04T08:05:05.964086
418,11,2025-11-04T08:05:05.964109,0.1802,low,0.7606,v1.0.0 - Grupo 7,2025-11-04T08:05:05.964117
419,7,2025-11-04T08:05:05.964140,0.114,low,0.9107,v1.0.0 - Grupo 7,2025-11-04T08:05:05.964148
420,11,2025-11-04T08:05:05.964171,0.2444,low,0.8886,v1.0.0 - Grupo 7,2025-11-04T08:05:05.964179
421,10,2025-11-04T08:05:05.964202,0.453,medium,0.7656,v1.0.0 - Grupo 7,2025-11-04T08:05:05.964210
422,6,2025-11-04T08:05:05.964233,0.3713,medium,0.755,v1.0.0 - Grupo 7,2025-11-04T08:05:05.964241
423,17,2025-11-04T08:05:05.964264,0.2032,low,0.8204,v1.0.0 - Grupo 7,2025-11-04T08:05:05.964272
424,19,2025-11-04T08:05:05.964295,0.3083,medium,0.892,v1.0.0 - Grupo 7,2025-11-04T08:05:05.964303
425,8,2025-11-04T08:05:05.964326,0.2197,low,0.715,v1.0.0 - Grupo 7,2025-11-04T08:05:05.964334
426,18,2025-11-04T08:05:05.964357,0.4963,medium,0.9162,v1.0.0 - Grupo 7,2025-11-04T08:05:05.964365
427,6,2025-11-04T08:05:05.964387,0.2572,low,0.9532,v1.0.0 - Grupo 7,2025-11-04T08:05:05.964396
428,4,2025-11-04T08:05:05.964419,0.427,medium,0.7327,v1.0.0 - Grupo 7,2025-11-04T08:05:05.964427
429,2,2025-11-04T08:05:05.964449,0.183,low,0.8237,v1.0.0 - Grupo 7,2025-11-04T08:05:05.964458
430,1,2025-11-04T08:05:05.964480,0.2979,low,0.8002,v1.0.0 - Grupo 7,2025-11-04T08:05:05.964489
431,8,2025-11-04T08:05:05.964511,0.2511,low,0.8316,v1.0.0 - Grupo 7,2025-11-04T08:05:05.964520
432,1,2025-11-04T08:05:05.964543,0.3213,medium,0.9868,v1.0.0 - Grupo 7,2025-11-04T08:05:05.964551
433,2,2025-11-04T08:05:05.964574,0.3411,medium,0.9424,v1.0.0 - Grupo 7,2025-11-04T08:05:05.964582
434,10,2025-11-04T08:05:05.964605,0.2214,low,0.8311,v1.0.0 - Grupo 7,2025-11-04T08:05:05.964613
435,1,2025-11-04T08:05:05.964636,0.2373,low,0.8228,v1.0.0 - Grupo 7,2025-11-04T08:05:05.964645
436,7,2025-11-04T08:05:05.964667,0.3024,medium,0.704,v1.0.0 - Grupo 7,2025-11-04T08:05:05.964676
437,7,2025-11-04T08:05:05.964698,0.4805,medium,0.9745,v1.0.0 - Grupo 7,2025-11-04T08:05:05.964706
438,14,2025-11-04T08:05:05.964729,0.3251,medium,0.9184,v1.0.0 - Grupo 7,2025-11-04T08:05:05.964738
439,6,2025-11-04T08:05:05.964761,0.0486,low,0.9865,v1.0.0 - Grupo 7,2025-11-04T08:05:05.964769
440,13,2025-11-04T08:05:05.964792,0.1948,low,0.8606,v1.0.0 - Grupo 7,2025-11-04T08:05:05.964800
441,19,2025-11-04T08:05:05.964822,0.0102,low,0.8854,v1.0.0 - Grupo 7,2025-11-04T08:05:05.964831
442,20,2025-11-04T08:05:05.964853,0.1709,low,0.8457,v1.0.0 - Grupo 7,2025-11-04T08:05:05.964862
443,13,2025-11-04T08:05:05.964884,0.4832,medium,0.8789,v1.0.0 - Grupo 7,2025-11-04T08:05:05.964892
444,3,2025-11-04T08:05:05.964915,0.4189,medium,0.7014,v1.0.0 - Grupo 7,2025-11-04T08:05:05.964924
445,1,2025-11-04T08:05:05.964946,0.5569,medium,0.7291,v1.0.0 - Grupo 7,2025-11-04T08:05:05.964954
446,3,2025-11-04T08:05:05.964976,0.4397,medium,0.9466,v1.0.0 - Grupo 7,2025-11-04T08:05:05.964985
447,9,2025-11-04T08:05:05.965007,0.0299,low,0.9238,v1.0.0 - Grupo 7,2025-11-04T08:05:05.965016
448,6,2025-11-04T08:05:05.965038,0.1133,low,0.8481,v1.0.0 - Grupo 7,2025-11-04T08:05:05.965046
449,1,2025-11-04T08:05:05.965069,0.2279,low,0.8552,v1.0.0 - Grupo 7,2025-11-04T08:05:05.965077
450,1,2025-11-04T08:05:05.965100,0.3068,medium,0.9388,v1.0.0 - Grupo 7,2025-11-04T08:05:05.965108
451,12,2025-11-04T08:05:05.965131,0.0581,low,0.8295,v1.0.0 - Grupo 7,2025-11-04T08:05:05.965139
452,1,2025-11-04T08:05:05.965161,0.0431,low,0.968,v1.0.0 - Grupo 7,2025-11-04T08:05:05.965170
453,9,2025-11-04T08:05:05.965192,0.1081,low,0.9148,v1.0.0 - Grupo 7,2025-11-04T08:05:05.965201
454,9,2025-11-04T08:05:05.965223,0.4796,medium,0.762,v1.0.0 - Grupo 7,2025-11-04T08:05:05.965232
455,7,2025-11-04T08:05:05.965254,0.0102,low,0.8101,v1.0.0 - Grupo 7,2025-11-04T08:05:05.965263
456,17,2025-11-04T08:05:05.965285,0.3194,medium,0.7744,v1.0.0 - Grupo 7,2025-11-04T08:05:05.965294
457,15,2025-11-04T08:05:05.965316,0.345,medium,0.9738,v1.0.0 - Grupo 7,2025-11-04T08:05:05.965325
458,16,2025-11-04T08:05:05.965349,0.3215,medium,0.9577,v1.0.0 - Grupo 7,2025-11-04T08:05:05.965357
459,9,2025-11-04T08:05:05.965380,0.0475,low,0.8088,v1.0.0 - Grupo 7,2025-11-04T08:05:05.965388
460,16,2025-11-04T08:05:05.965410,0.4287,medium,0.9813,v1.0.0 - Grupo 7,2025-11-04T08:05:05.965419
461,8,2025-11-04T08:05:05.965441,0.1954,low,0.9291,v1.0.0 - Grupo 7,2025-11-04T08:05:05.965450
462,19,2025-11-04T08:05:05.965472,0.1148,low,0.9774,v1.0.0 - Grupo 7,2025-11-04T08:05:05.965480
463,7,2025-11-04T08:05:05.965503,0.2981,low,0.758,v1.0.0 - Grupo 7,2025-11-04T08:05:05.965511
464,13,2025-11-04T08:05:05.965533,0.5887,medium,0.8354,v1.0.0 - Grupo 7,2025-11-04T08:05:05.965542
465,1,2025-11-04T08:05:05.965564,0.077,low,0.7733,v1.0.0 - Grupo 7,2025-11-04T08:05:05.965573
466,10,2025-11-04T08:05:05.965595,0.361,medium,0.9292,v1.0.0 - Grupo 7,2025-11-04T08:05:05.965604
467,8,2025-11-04T08:05:05.965626,0.4363,medium,0.7226,v1.0.0 - Grupo 7,2025-11-04T08:05:05.965634
468,15,2025-11-04T08:05:05.965657,0.2263,low,0.9768,v1.0.0 - Grupo 7,2025-11-04T08:05:05.965665
469,5,2025-11-04T08:05:05.965688,0.6395,high,0.9178,v1.0.0 - Grupo 7,2025-11-04T08:05:05.965696
470,20,2025-11-04T08:05:05.965719,0.1012,low,0.8665,v1.0.0 - Grupo 7,2025-11-04T08:05:05.965727
471,15,2025-11-04T08:05:05.965750,0.4413,medium,0.8309,v1.0.0 - Grupo 7,2025-11-04T08:05:05.965758
472,20,2025-11-04T08:05:05.965780,0.1907,low,0.914,v1.0.0 - Grupo 7,2025-11-04T08:05:05.965789
473,9,2025-11-04T08:05:05.965811,0.1821,low,0.8553,v1.0.0 - Grupo 7,2025-11-04T08:05:05.965819
474,2,2025-11-04T08:05:05.965842,0.0264,low,0.8568,v1.0.0 - Grupo 7,2025-11-04T08:05:05.965850
475,15,2025-11-04T08:05:05.965873,0.2672,low,0.9819,v1.0.0 - Grupo 7,2025-11-04T08:05:05.965881
476,18,2025-11-04T08:05:05.965904,0.2304,low,0.9033,v1.0.0 - Grupo 7,2025-11-04T08:05:05.965912
477,5,2025-11-04T08:05:05.965934,0.2556,low,0.833,v1.0.0 - Grupo 7,2025-11-04T08:05:05.965943
478,1,2025-11-04T08:05:05.965965,0.1809,low,0.7183,v1.0.0 - Grupo 7,2025-11-04T08:05:05.965974
479,10,2025-11-04T08:05:05.965996,0.5352,medium,0.984,v1.0.0 - Grupo 7,2025-11-04T08:05:05.966005
480,6,2025-11-04T08:05:05.966027,0.0795,low,0.8787,v1.0.0 - Grupo 7,2025-11-04T08:05:05.966035
481,9,2025-11-04T08:05:05.966057,0.1114,low,0.7894,v1.0.0 - Grupo 7,2025-11-04T08:05:05.966066
482,2,2025-11-04T08:05:05.966088,0.1188,low,0.8623,v1.0.0 - Grupo 7,2025-11-04T08:05:05.966096
483,4,2025-11-04T08:05:05.966119,0.3381,medium,0.7499,v1.0.0 - Grupo 7,2025-11-04T08:05:05.966127
484,5,2025-11-04T08:05:05.966149,0.0773,low,0.8725,v1.0.0 - Grupo 7,2025-11-04T08:05:05.966158
485,1,2025-11-04T08:05:05.966180,0.1897,low,0.8973,v1.0.0 - Grupo 7,2025-11-04T08:05:05.966188
486,18,2025-11-04T08:05:05.966211,0.7237,high,0.7167,v1.0.0 - Grupo 7,2025-11-04T08:05:05.966219
487,8,2025-11-04T08:05:05.966242,0.3922,medium,0.7188,v1.0.0 - Grupo 7,2025-11-04T08:05:05.966251
488,16,2025-11-04T08:05:05.966273,0.2763,low,0.8687,v1.0.0 - Grupo 7,2025-11-04T08:05:05.966281
489,2,2025-11-04T08:05:05.966304,0.7101,high,0.7215,v1.0.0 - Grupo 7,2025-11-04T08:05:05.966312
490,18,2025-11-04T08:05:05.966334,0.0747,low,0.9082,v1.0.0 - Grupo 7,2025-11-04T08:05:05.966343
491,7,2025-11-04T08:05:05.966365,0.2269,low,0.7652,v1.0.0 - Grupo 7,2025-11-04T08:05:05.966373
492,11,2025-11-04T08:05:05.966395,0.3759,medium,0.987,v1.0.0 - Grupo 7,2025-11-04T08:05:05.966404
493,7,2025-11-04T08:05:05.966426,0.1933,low,0.7991,v1.0.0 - Grupo 7,2025-11-04T08:05:05.966435
494,14,2025-11-04T08:05:05.966457,0.4285,medium,0.7037,v1.0.0 - Grupo 7,2025-11-04T08:05:05.966466
495,15,2025-11-04T08:05:05.966488,0.2293,low,0.8639,v1.0.0 - Grupo 7,2025-11-04T08:05:05.966496
496,13,2025-11-04T08:05:05.966518,0.2312,low,0.7144,v1.0.0 - Grupo 7,2025-11-04T08:05:05.966527
497,13,2025-11-04T08:05:05.966549,0.0675,low,0.7745,v1.0.0 - Grupo 7,2025-11-04T08:05:05.966557
498,5,2025-11-04T08:05:05.966579,0.2747,low,0.9127,v1.0.0 - Grupo 7,2025-11-04T08:05:05.966588
499,9,2025-11-04T08:05:05.966610,0.0296,low,0.9277,v1.0.0 - Grupo 7,2025-11-04T08:05:05.966619
500,19,2025-11-04T08:05:05.966641,0.0602,low,0.8119,v1.0.0 - Grupo 7,2025-11-04T08:05:05.966649
